,Cotação,Valor
0,Dolar,5.325218
1,Euro,5.176644417
2,Ouro,282.62
